PROJ_NAME,ID,DATE
Maynard,91,2023/1/13
Kandy,31,2023/2/25
Sollie,53,2023/3/26
Leela,54,2023/3/6
Joann,12,2023/4/27
Zed,91,2023/5/12
Dudley,50,2023/3/27
Kearney,62,2023/4/12
Cloris,37,2023/1/11
Roselin,73,2023/2/24
Kimberley,72,2023/5/20
Barri,27,2023/2/6
Viviyan,14,2023/3/26
Karly,30,2023/3/10
Blane,23,2023/4/18
Roxy,98,2023/5/10
Keelia,88,2023/1/27
Melina,71,2023/5/19
Lenka,16,2023/2/15
Parrnell,47,2023/5/14
Orland,49,2023/4/3
Wynny,66,2023/3/28
Alanah,88,2023/4/5
Maxy,63,2023/3/13
Rebekah,53,2023/1/28
Jarib,16,2023/2/27
Wini,63,2023/3/26
Milo,3,2023/4/15
Kathryne,14,2023/2/9
Else,43,2023/4/29
Merline,55,2023/1/19
Zacharia,84,2023/2/2
Ardene,49,2023/3/26
Colet,88,2023/5/10
Gillan,86,2023/5/14
Sergio,2,2023/4/3
Dur,41,2023/3/3
Gwendolin,16,2023/5/24
Tait,67,2023/1/8
Shari,1,2023/3/14
Cornall,5,2023/5/23
Fletcher,80,2023/5/19
Saundra,58,2023/3/25
Bondy,63,2023/3/12
Sherwynd,63,2023/2/4
Evey,3,2023/1/10
Marlowe,95,2023/5/8
Kincaid,38,2023/3/5
Dede,38,2023/5/18
Barny,6,2023/3/17
Renae,100,2023/5/21
Sallyanne,39,2023/4/22
Nikolia,2,2023/5/16
Kristien,65,2023/2/24
Ervin,24,2023/3/2
Dominik,8,2023/4/15
Burke,25,2023/3/4
Arny,11,2023/5/15
Selma,54,2023/2/23
Rosetta,97,2023/1/7
Auberon,72,2023/4/7
Timotheus,8,2023/3/9
Garvy,30,2023/5/5
Cathleen,66,2023/2/22
Kristin,32,2023/3/17
Desiri,43,2023/2/26
Ole,34,2023/2/20
Meg,86,2023/5/18
Parsifal,51,2023/3/10
Rosabel,87,2023/4/13
Ozzy,29,2023/3/22
Pepita,46,2023/5/11
Ches,58,2023/3/10
Clarisse,73,2023/4/4
Elmira,28,2023/1/20
Artie,99,2023/4/11
Ryun,42,2023/2/10
Sharla,98,2023/4/2
Manda,17,2023/2/10
Francesco,82,2023/2/3
Rogers,66,2023/4/13
Benjie,6,2023/3/1
Pierson,64,2023/3/24
Leslie,16,2023/3/19
Roxanne,71,2023/4/7
Lexie,11,2023/4/6
Loretta,20,2023/2/13
Lilli,97,2023/3/4
Cal,66,2023/4/19
Cullin,15,2023/1/5
Gwynne,74,2023/3/30
Rodie,79,2023/1/3
Stillman,69,2023/2/5
Garold,37,2023/4/10
Lura,52,2023/2/16
Cassandra,5,2023/1/10
Jereme,78,2023/2/16
Ludvig,85,2023/5/15
Sheela,23,2023/1/9
Sandi,44,2023/5/8
